Index,Package,,Own function,,Index,Package,,Own function,
101,-10,67,-10,67,149,113,119,113,119
102,7,54,54,7,150,-118,103,-118,103
103,-113,-115,-115,-113,151,64,137,137,64
104,52,59,59,52,152,106,127,127,106
105,43,63,43,63,153,96,116,116,96
106,65,74,65,74,154,115,133,133,115
107,-60,-62,-62,-60,155,-150,122,-150,122
108,72,90,72,90,156,-57,-74,-74,-57
109,-42,75,75,-42,157,-58,125,125,-58
110,-149,85,-149,85,158,131,147,147,131
111,-61,-176,-176,-61,159,-158,-168,-168,-158
112,48,88,88,48,160,136,153,153,136
113,-90,-100,-100,-90,161,-133,-194,-194,-133
114,45,99,99,45,162,138,140,140,138
115,-4,73,-4,73,163,-114,156,-114,156
116,-154,58,-154,58,164,141,158,141,158
117,50,89,50,89,165,130,151,151,130
118,40,92,40,92,166,143,144,143,144
119,-63,-134,-134,-63,167,-188,126,-188,126
120,-81,71,-81,71,168,-67,149,-67,149
121,-123,100,100,-123,169,129,150,150,129
122,-137,51,51,-137,170,155,160,155,160
123,61,105,105,61,171,132,161,132,161
124,79,94,79,94,172,148,152,152,148
125,84,108,108,84,173,142,164,142,164
126,-144,77,-144,77,174,157,168,168,157
127,-142,76,-142,76,175,-71,166,-71,166
128,62,87,62,87,176,159,162,159,162
129,-111,78,78,-111,177,97,165,97,165
130,-54,93,-54,93,178,135,170,135,170
131,80,123,123,80,179,154,173,173,154
132,-186,-187,-187,-186,180,167,176,176,167
133,-5,82,-5,82,181,-184,-196,-196,-184
134,101,120,120,101,182,-117,175,-117,175
135,-151,95,-151,95,183,172,174,172,174
136,70,110,70,110,184,163,177,163,177
137,81,114,114,81,185,-76,184,-76,184
138,104,112,104,112,186,171,179,171,179
139,111,117,111,117,187,145,183,145,183
140,102,124,124,102,188,146,180,146,180
141,118,134,118,134,189,178,186,178,186
142,83,109,109,83,190,169,187,169,187
143,-72,-75,-75,-72,191,182,190,182,190
144,35,107,35,107,192,181,188,181,188
145,91,121,121,91,193,189,191,191,189
146,-145,36,-145,36,194,192,193,192,193
147,-155,139,-155,139,195,185,194,185,194
148,98,128,98,128,,,,,
